<?xml version="1.0" encoding="UTF-8" standalone="yes"?>
<addon id="service.saasbops" name="Saasbops" version="0.0.9" provider-name="Michel van de Wetering">
    <requires>
        <import addon="xbmc.python" version="3.0.0"/>
    </requires>
    <extension point="xbmc.service" library="addon.py" start="startup"/>
    <extension point="xbmc.python.script" library="script.py"/>
    <extension point="xbmc.addon.metadata">
        <summary lang="en_GB">Select audio and subtitle based on previous selection</summary>
        <description lang="en_GB"></description>
        <language></language>
        <platform>all</platform>
        <license>MIT</license>
        <forum></forum>
        <website></website>
        <email>michel.van.de.wetering@gmail.com</email>
        <source>https://github.com/mvdwetering/service.saasbops</source>
        <news></news>
        <disclaimer></disclaimer>
        <assets>
            <icon>resources/icon.png</icon>
            <fanart>resources/fanart.jpg</fanart>
        </assets>
    </extension>
</addon>
